"1","Ice Cream"
"2","Beer"
"3","Eggs"
"4","Painting"
"5","Books"
"6","Electronics"
"7","Clothing"
"8","Jewelry"
"9","Furniture"
"10","Toys"
"11","Games"
"12","Sports"
"13","Outdoor"
"14","Gardening"
"15","Appliances"
"16","Shoes"
"17","Bags"
"18","Watches"
"19","Sunglasses"
"20","Cosmetics"
"21","Three"
"22","Image"
"23","Son"
"24","Voice"
"25","Kitchen"
"26","Amount"
"27","Event"
"28","Much"
"29","Mention"
"30","Interview"
"31","Why"
"32","Step"
"33","Themselves"
"34","Floor"
"35","Me"
"36","Help"
"37","Past"
"38","Wait"
"39","Whatever"
"40","Discover"
"41","Mother"
"42","Chair"
"43","Father"
"44","Challenge"
"45","Someone"
"46","Beyond"
"47","Present"
"48","Successful"
"49","Enough"
"50","Where"
"51","No"
"52","Season"
"53","Take"
"54","Play"
"55","Week"
"56","Choice"
"57","Force"
"58","Bit"
"59","Show"
"60","Back"
"61","Way"
"62","To"
"63","Return"
"64","Give"
"65","Marriage"
"66","Opportunity"
"67","Blood"
"68","Health"
"69","Leader"
"70","Four"
"71","Popular"
"72","Push"
"73","While"
"74","Democratic"
"75","Old"
"76","Level"
"77","Tree"
"78","Near"
"79","Ever"
"80","Assume"
"81","Support"
"82","Official"
"83","Whole"
"84","Address"
"85","Better"
"86","Serve"
"87","Though"
"88","Inside"
"89","See"
"90","Thank"
"91","Still"
"92","Relate"
"93","Process"
"94","Ability"
"95","Population"
"96","Minute"
"97","Their"
"98","Trip"
"99","Goal"
"100","Either"
