1,1.jpeg
2,2.jpeg
3,3.jpeg
4,4.jpeg
5,5.jpeg
6,6.jpeg
7,7.jpeg
8,8.jpeg
9,9.jpeg
10,10.jpeg
11,11.jpeg
12,12.jpeg
13,13.jpeg
14,14.jpeg
15,15.jpeg
16,16.jpeg
17,17.jpeg
18,18.jpeg
19,19.jpeg
20,20.jpeg
21,21.jpeg
22,22.jpeg
23,23.jpeg
24,24.jpeg
25,25.jpeg
26,26.jpeg
27,27.jpeg
28,28.jpeg
29,29.jpeg
30,30.jpeg
31,31.jpeg
32,32.jpeg
33,33.jpeg
34,34.jpeg
35,35.jpeg
36,36.jpeg
37,37.jpeg
38,38.jpeg
39,39.jpeg
40,40.jpeg
41,41.jpeg
42,42.jpeg
43,43.jpeg
44,44.jpeg
45,45.jpeg
46,46.jpeg
47,47.jpeg
48,48.jpeg
49,49.jpeg
50,50.jpeg
51,51.jpeg
52,52.jpeg
53,53.jpeg
54,54.jpeg
55,55.jpeg
56,56.jpeg
57,57.jpeg
58,58.jpeg
59,59.jpeg
60,60.jpeg
61,61.jpeg
62,62.jpeg
63,63.jpeg
64,64.jpeg
65,65.jpeg
66,66.jpeg
67,67.jpeg
68,68.jpeg
69,69.jpeg
70,70.jpeg
71,71.jpeg
72,72.jpeg
73,73.jpeg
74,74.jpeg
75,75.jpeg
76,76.jpeg
77,77.jpeg
78,78.jpeg
79,79.jpeg
80,80.jpeg
81,81.jpeg
82,82.jpeg
83,83.jpeg
84,84.jpeg
85,85.jpeg
86,86.jpeg
87,87.jpeg
88,88.jpeg
89,89.jpeg
90,90.jpeg
91,91.jpeg
92,92.jpeg
93,93.jpeg
94,94.jpeg
95,95.jpeg
96,96.jpeg
97,97.jpeg
98,98.jpeg
99,99.jpeg
100,100.jpeg
101,101.jpeg
102,102.jpeg
103,103.jpeg
104,104.jpeg
105,105.jpeg
106,106.jpeg
107,107.jpeg
108,108.jpeg
109,109.jpeg
110,110.jpeg
111,111.jpeg
112,112.jpeg
113,113.jpeg
114,114.jpeg
115,115.jpeg
116,116.jpeg
117,117.jpeg
118,118.jpeg
119,119.jpeg
120,120.jpeg
121,121.jpeg
122,122.jpeg
123,123.jpeg
124,124.jpeg
125,125.jpeg
126,126.jpeg
127,127.jpeg
128,128.jpeg
129,129.jpeg
130,130.jpeg
131,131.jpeg
132,132.jpeg
133,133.jpeg
134,134.jpeg
135,135.jpeg
136,136.jpeg
137,137.jpeg
138,138.jpeg
139,139.jpeg
140,140.jpeg
141,141.jpeg
142,142.jpeg
143,143.jpeg
144,144.jpeg
145,145.jpeg
146,146.jpeg
147,147.jpeg
148,148.jpeg
149,149.jpeg
150,150.jpeg
151,151.jpeg
152,152.jpeg
153,153.jpeg
154,154.jpeg
155,155.jpeg
156,156.jpeg
157,157.jpeg
158,158.jpeg
159,159.jpeg
160,160.jpeg
161,161.jpeg
162,162.jpeg
163,163.jpeg
164,164.jpeg
165,165.jpeg
166,166.jpeg
167,167.jpeg
168,168.jpeg
169,169.jpeg
170,170.jpeg
171,171.jpeg
172,172.jpeg
173,173.jpeg
174,174.jpeg
175,175.jpeg
176,176.jpeg
177,177.jpeg
178,178.jpeg
179,179.jpeg
180,180.jpeg
181,181.jpeg
182,182.jpeg
183,183.jpeg
184,184.jpeg
185,185.jpeg
186,186.jpeg
187,187.jpeg
188,188.jpeg
189,189.jpeg
190,190.jpeg
191,191.jpeg
192,192.jpeg
193,193.jpeg
194,194.jpeg
195,195.jpeg
196,196.jpeg
197,197.jpeg
198,198.jpeg
199,199.jpeg
200,200.jpeg
201,201.jpeg
202,202.jpeg
203,203.jpeg
204,204.jpeg
205,205.jpeg
206,206.jpeg
207,207.jpeg
208,208.jpeg
209,209.jpeg
210,210.jpeg
211,211.jpeg
212,212.jpeg
213,213.jpeg
214,214.jpeg
215,215.jpeg
216,216.jpeg
217,217.jpeg
218,218.jpeg
219,219.jpeg
220,220.jpeg
221,221.jpeg
222,222.jpeg
223,223.jpeg
224,224.jpeg
225,225.jpeg
226,226.jpeg
227,227.jpeg
228,228.jpeg
229,229.jpeg
230,230.jpeg
231,231.jpeg
232,232.jpeg
233,233.jpeg
234,234.jpeg
235,235.jpeg
236,236.jpeg
237,237.jpeg
238,238.jpeg
239,239.jpeg
240,240.jpeg
241,241.jpeg
242,242.jpeg
243,243.jpeg
244,244.jpeg
245,245.jpeg
246,246.jpeg
247,247.jpeg
248,248.jpeg
249,249.jpeg
250,250.jpeg
251,251.jpeg
252,252.jpeg
253,253.jpeg
254,254.jpeg
255,255.jpeg
256,256.jpeg
257,257.jpeg
258,258.jpeg
259,259.jpeg
260,260.jpeg
261,261.jpeg
262,262.jpeg
263,263.jpeg
264,264.jpeg
265,265.jpeg
266,266.jpeg
267,267.jpeg
268,268.jpeg
269,269.jpeg
270,270.jpeg
271,271.jpeg
272,272.jpeg
273,273.jpeg
274,274.jpeg
275,275.jpeg
276,276.jpeg
277,277.jpeg
278,278.jpeg
279,279.jpeg
280,280.jpeg
281,281.jpeg
282,282.jpeg
283,283.jpeg
284,284.jpeg
285,285.jpeg
286,286.jpeg
287,287.jpeg
288,288.jpeg
289,289.jpeg
290,290.jpeg
291,291.jpeg
292,292.jpeg
293,293.jpeg
294,294.jpeg
295,295.jpeg
296,296.jpeg
297,297.jpeg
298,298.jpeg
299,299.jpeg
300,300.jpeg
301,301.jpeg
302,302.jpeg
303,303.jpeg
304,304.jpeg
305,305.jpeg
306,306.jpeg
307,307.jpeg
308,308.jpeg
309,309.jpeg
310,310.jpeg
311,311.jpeg
312,312.jpeg
313,313.jpeg
314,314.jpeg
315,315.jpeg
316,316.jpeg
317,317.jpeg
318,318.jpeg
319,319.jpeg
320,320.jpeg
321,321.jpeg
322,322.jpeg
323,323.jpeg
324,324.jpeg
325,325.jpeg
326,326.jpeg
327,327.jpeg
328,328.jpeg
329,329.jpeg
330,330.jpeg
331,331.jpeg
332,332.jpeg
333,333.jpeg
334,334.jpeg
335,335.jpeg
336,336.jpeg
337,337.jpeg
338,338.jpeg
339,339.jpeg
340,340.jpeg
341,341.jpeg
342,342.jpeg
343,343.jpeg
344,344.jpeg
345,345.jpeg
346,346.jpeg
347,347.jpeg
348,348.jpeg
349,349.jpeg
350,350.jpeg
351,351.jpeg
352,352.jpeg
353,353.jpeg
354,354.jpeg
355,355.jpeg
356,356.jpeg
357,357.jpeg
358,358.jpeg