323,Classic Vanilla Dream,"Velvety smooth vanilla ice cream crafted from Madagascar vanilla beans for a luxurious finish."
324,Midnight Cocoa Bliss,"A decadent dark chocolate ice cream that melts into a rich symphony of cocoa."
325,Strawberry Fields Forever,"Organic strawberries freshly picked and churned into creamy perfection."
326,Brewmaster's Select Pilsner,"A crafted selection where each sip offers a crisp finish celebrating the art of brewing."
327,Imperial Treasures Collection,"A luxurious set of seven handcrafted Fabergé eggs each embedded with jewels and embodying a piece of history."
328,Tempest at Dawn,"A riveting canvas depicting a storm's fierce beauty as it engulfs the Sea of Galilee."
329,UltraView 50 4K Smart LED TV,"Experience cinematic brilliance with our UltraView 50-inch Smart TV"
330,Prestige Timepiece,"Crafted with Swiss precision this luxury watch combines classic leather elegance with a timeless design to accentuate your style."
331,Andean Alpaca Wool Scarf,"Wrap yourself in the warmth of the Andes with this handmade scarf crafted from the finest Peruvian alpaca wool."
332,SoundWave Mini,"Compact yet powerful the SoundWave Mini delivers exceptional audio clarity and bass perfect for music lovers on the go."
333,Bourbon Vanilla Bean Bliss,"Rich and creamy infused with authentic Bourbon vanilla pods for a deep aromatic flavor."
334,Velvet Chocolate Dream,"Smooth velvety chocolate ice cream that wraps your taste buds in luxurious richness."
335,Bursting Berry Delight,"Experience the delight of sun-ripened strawberries bursting with natural sweetness in every spoonful."
336,Golden Hour Pilsner,"Enjoy the golden hour with a pilsner brewed to reflect the perfect sunset."
337,Regal Easter Gems,"Celebrate Easter with a touch of royal elegance featuring seven exquisitely detailed Fabergé eggs each a unique masterpiece."
338,Maritime Fury Artwork,"Experience the dramatic power of nature in 'Maritime Fury'"
339,CinemaTech 50 Smart 4K LED,"Dive into a world of clarity with the CinemaTech 50-inch Smart LED TV offering vibrant colors and precise 4K resolution."
340,Elite Chronograph,"A sophisticated leather watch featuring Swiss movements designed for the discerning individual who values precision and luxury."
341,Peruvian Highland Scarf,"Handwoven in the highlands of Peru this wool scarf brings traditional craftsmanship to your wardrobe with its soft texture and durable warmth."
342,Audiobox P360,"Take your tunes anywhere with the Audiobox P360 a portable Bluetooth speaker designed for audiophiles seeking high-quality sound in a mobile form."
343,French Vanilla Delight,"Creamy perfection with a hint of French vanilla elegance perfect for a refined dessert experience."
344,Obsidian Chocolate Cream,"Delve into the deep dark flavors of obsidian chocolate crafted for the true connoisseur."
345,Sweet Berry Fusion,"A fusion of organic strawberries and pure cream giving you a sweet refreshing treat."
346,Vanilla Velvet Symphony,"A harmonious blend of premium vanilla and fresh cream churned to silky perfection."
347,Choco Decadence,"An indulgent chocolate experience that captivates with its intense and creamy texture."
348,Strawberry Bliss,"Dive into bliss with this creamy ice cream made with real organic strawberries."
349,Sweet Vanilla Serenade,"Soft and enchanting this sweet vanilla treat serenades your palate with its light and fluffy texture."
350,Cocoa Eclipse,"Experience the dark side of chocolate with this rich full-bodied ice cream that eclipses all others."
351,Summer Strawberry Serenade,"Let each bite of this strawberry serenade sing to you of summer days and sunny skies."
352,Organic Vanilla Harmony,"Made with organic ingredients this ice cream combines pure vanilla with fresh organic cream."
353,Silken Dark Chocolate,"Silky smooth and utterly enveloping this dark chocolate ice cream is a pure delight."
354,Berry Organic Dream,"Dream in pink with this creamy dreamy organic strawberry ice cream that's as pure as it is delicious."
355,Golden Vanilla Bean Majesty,"A regal treat made from golden vanilla beans offering a rich and creamy royal delight."
356,Noir Chocolate Velvet,"Luxurious and creamy with a deep chocolate flavor that's as smooth as velvet."
357,Strawberry Orchard Cream,"Taste the essence of a lush strawberry orchard with the freshest berries creamed into perfection."
358,Artisanal Vanilla Whisper,"Gently sweet and exquisitely light handcrafted for those who enjoy the subtlety of artisanal flavors."
359,Ultimate Chocolate Fantasy,"For those who dream in chocolate a creamy dreamy escape into sweetness."
360,Wild Strawberry Patch,"Wild and organic these strawberries are turned into a creamy delight that harks back to nature's best."
361,Old-Fashioned Vanilla Creamery,"A nostalgic scoop of old-fashioned vanilla reminiscent of the classic ice cream parlor experience."
362,Enchanted Cocoa Forest,"Get lost in a forest of chocolate flavors with hints of natural vanilla essence."
363,Heavenly Berry Cream,"Scoop up a taste of heaven with this organic strawberry ice cream where every spoonful is heavenly."
364,Heavenly Vanilla Cloud,"As light as a cloud this heavenly vanilla ice cream melts softly in your mouth leaving a lush aftertaste."
365,Dark Temptation,"Give in to temptation with a scoop of the darkest richest chocolate ice cream imaginable."
366,Strawberry Cream Ecstasy,"Reach ecstasy with a divine concoction of organic strawberries mixed into rich creamy ice cream."
367,Vanilla Starlight Cascade,"Dive into a cascade of creamy delight where each spoonful sparkles with the essence of pure sweet vanilla stars."
368,Chocolate Serenity,"Find your peace in a scoop of chocolate serenity where every bite is a blissful escape."
369,Rustic Strawberry Delight,"A rustic recipe that captures the genuine flavor of strawberries from the field to your spoon."
370,Whispering Vanilla Winds,"Experience the gentle caress of vanilla captured in a breeze of soft creamy whispers that cool the spirit and warm the heart."
371,Cocoa Lush,"Indulge in the lush rich taste of cocoa with a creamy texture that's simply irresistible."
372,Strawberry Puree Paradise,"Pure organic strawberries pureed into a creamy paradise that's both lush and invigorating."