0,icecream@tastes.good,pbkdf2:sha256:260000$1GvmeoAkcWb89TyU$5f711eafb243c1c1a884715dd9bd6d185f29ccd3dab59ad19cc201a7260091cb,Joey,Shmoey,Durham,1000
1,yang.li@duke.edu,pbkdf2:sha256:260000$1GvmeoAkcWb89TyU$5f711eafb243c1c1a884715dd9bd6d185f29ccd3dab59ad19cc201a7260091cb,Yang,Li,Durham,1001
2,yuxuan.gu@duke.edu,pbkdf2:sha256:260000$1GvmeoAkcWb89TyU$5f711eafb243c1c1a884715dd9bd6d185f29ccd3dab59ad19cc201a7260091cb,Yuxuan,Gu,Durham,1002
3,emily.xiang@duke.edu,pbkdf2:sha256:260000$1GvmeoAkcWb89TyU$5f711eafb243c1c1a884715dd9bd6d185f29ccd3dab59ad19cc201a7260091cb,Emily,Xiang,Durham,1003
4,zihan.cao@duke.edu,pbkdf2:sha256:260000$1GvmeoAkcWb89TyU$5f711eafb243c1c1a884715dd9bd6d185f29ccd3dab59ad19cc201a7260091cb,Zihan,Cao,Durham,1004
5,carl.zhang@duke.edu,pbkdf2:sha256:260000$1GvmeoAkcWb89TyU$5f711eafb243c1c1a884715dd9bd6d185f29ccd3dab59ad19cc201a7260091cb,Carl,Zhang,Durham,1005
6,john.doe@duke.edu,pbkdf2:sha256:260000$1GvmeoAkcWb89TyU$5f711eafb243c1c1a884715dd9bd6d185f29ccd3dab59ad19cc201a7260091cb,John,Doe,Durham,1006
"7","tamaramorrison@hotmail.com","pbkdf2:sha256:600000$25bFxlY9qbvpGytJ$d226954f5957987228c93863fd0f5e3767a6cf774ed6019a3fa3a7426cae455e","Gary","Cross","711 Golden Overpass
West Andreaville, OH 44115","1476"
"8","woodtina@gmail.com","pbkdf2:sha256:600000$3bnVCF2vJUlk3Xvv$ff2f70e37ad2a72660fba1b3a31b957b4d2f4922c23e304e4cc7ab8a6ec78711","Denise","Thornton","30989 Anthony Roads
New Maria, DE 51777","416"
"9","rogersbrandon@yahoo.com","pbkdf2:sha256:600000$65HN7yIEgHe37vUe$9a9833687425863b9d12585d4e0cbe81f58127936d87a33ab4cee010db5edbe9","Christina","Saunders","207 Mccullough Well Suite 564
New Hannah, NH 97700","933"
"10","davidbanks@yahoo.com","pbkdf2:sha256:600000$fLV7cmuEyXrvGNFi$66bf0a9f418774270b8689b36af473ec1e867e9f16f43c662377ce6ad2c70bb6","Kathleen","Collins","206 Stewart Forest
Lake Karenhaven, RI 13317","1109"
"11","samanthasims@yahoo.com","pbkdf2:sha256:600000$mSPENj1ExAvu5cZr$956141206cf87ae7c6acdfc4cd945480a8ebe1229c30a6f4248f60c626c77981","Timothy","Parker","87755 Timothy Squares
Simmonsport, MA 96806","707"
"12","amyvelazquez@gmail.com","pbkdf2:sha256:600000$4vb2zXBSd49KOgo8$fb0240906004774cbd4864230d172d46634e25c824039377ed189bb78e05cb88","Dr.","DDS","Unit 7296 Box 6875
DPO AA 65859","113"
"13","dpatrick@gmail.com","pbkdf2:sha256:600000$2ebM1xukCWHNIONc$dd6857f5e7ab4c83808d682f4daf61423b63f8ee7a46407a60758b3ce2d36e8d","John","Gibbs","024 Cook Park
Sherriport, WI 53987","332"
"14","huberrachel@gmail.com","pbkdf2:sha256:600000$p44gedOPjT7ZMKCk$3fa1de297f2b33a7afef8e219bc4b344c4a39f24b09235a01adb5b3f6cec34ea","Julie","Chen","4183 Kimberly Mills
Katherinemouth, MI 83340","874"
"15","karicarter@yahoo.com","pbkdf2:sha256:600000$425bpKsViSbLG4Qa$37667767e4c5489bd7d62e7f656fa326fd505cb0e7cedb4ad083a479a0ee27fc","Ashley","Cooper","8529 Curtis Prairie Suite 262
Port Jeffrey, NY 32330","1523"
"16","bramirez@gmail.com","pbkdf2:sha256:600000$yG3zsyfhzjGVfv2Z$f84b3a9520f76092a1cc66f8b8fddd1f3944eddb163950f32ef3494b38918cc0","Christina","Smith","489 Roger Terrace
Davisfort, WV 30957","662"
"17","mcdanielchristopher@hotmail.com","pbkdf2:sha256:600000$ZtvcR2tBNDJ5da7X$970413cadf1d397abcd0ea049c3b14b31de00bd7eedc8a0eaa897db4855f4520","Leslie","Taylor","857 Scott Divide Suite 093
West Thomastown, PR 69553","1097"
"18","fcarpenter@yahoo.com","pbkdf2:sha256:600000$BskWggvSC0kRtXTg$4060bce1ffbbc064b77ea19d9d10c0a05b0b8bc1231f0aac090b88430ae620c4","Amanda","Schultz","491 Wise Knoll
Ellishaven, TN 85502","1531"
"19","nhenson@yahoo.com","pbkdf2:sha256:600000$UNXcal2A2xo1Ksyj$e5bbb4a37ba3b516b659c9f91b8ed20c08bf6c41c8f0ec0dcb492be296567f05","Kristen","Smith","PSC 6777, Box 1113
APO AE 20659","1810"
"20","taylorjamie@yahoo.com","pbkdf2:sha256:600000$BU059hGw9YUG3yEH$a938ca5b807c1fbe6211d4b05314047d3405183e5fa1e62ee39e04d0330ae440","Mitchell","Payne","57492 Lisa Plaza Suite 590
South Eric, HI 67409","472"
"21","areyes@yahoo.com","pbkdf2:sha256:600000$2mjwyb7iMUVhlf1m$2c661370c6a3d7cd9bdb125b5a9a7a07ebf984dc61bb52af099d1a454ac95f0a","Katherine","Brown","56237 Thomas Inlet
Lake Mark, WY 98452","1718"
"22","zmorgan@yahoo.com","pbkdf2:sha256:600000$wiKNEEti0r7cS1L9$f624444504d53b9329d92cbd8019b0a4d1d7f32b0c5e63d8a13e27f3b6df6427","Jessica","Hancock","5600 Davis Highway
South Joel, MI 21771","1943"
"23","rfischer@yahoo.com","pbkdf2:sha256:600000$cxdQPvs7xW3POX1X$14487de29c06cefcc7e4ff6c25a7c53db7ea41c0c5355e0954485af08955b98a","Gloria","Smith","931 Ramirez Village Apt. 821
New Daniel, NY 83355","719"
"24","vasquezkathryn@gmail.com","pbkdf2:sha256:600000$f48QaEsIbM1xifTm$b3118b63f3e0e26859abdb68027aaf54e7e8aea784278cd8e17a3cc0f8bdc58d","Miguel","Shields","PSC 6644, Box 6595
APO AE 40742","1388"
"25","kimberly87@gmail.com","pbkdf2:sha256:600000$02wMyEPd6lC0HUUl$9bb647760e989d166e7e0a5389dcd6e34b4d681d60f013d420833bca5f11d9f7","Kyle","Powell","080 Herring Key Apt. 182
Jamesview, MD 92304","290"
"26","wbrown@hotmail.com","pbkdf2:sha256:600000$ZgQXw403oNV4n273$ea4b37d03b2ece3db577bbf62d6464854e796d218835bffd487417d6361fe5dc","William","Hensley","59306 Holly Underpass
Buckburgh, MI 10648","323"
"27","pwilliams@hotmail.com","pbkdf2:sha256:600000$YsY5do4MaT3j2YlL$e7249a311b3d321d756364f8859f591db0f225bbe1d863cace23ce3c818ddffe","Brett","Donaldson","65282 Greg Estate
New Mark, AK 63797","1702"
"28","houstonwhitney@hotmail.com","pbkdf2:sha256:600000$3YyiQWROEu1pFBq6$3eb93d4f186a2c53d844d7dfef526f1b567e6a24b4708597aaad3d78800f8b24","Thomas","Cook","26951 Huang Gardens Suite 636
Lake Timothy, PW 76703","220"
"29","pford@hotmail.com","pbkdf2:sha256:600000$ytyd2SvnMmvX7fUl$85193f53e27285e97247f5b19e8e25ea25c5732c5be5e51567118b1a878f849f","Tina","Thompson","646 Michael Curve
New Michaeltown, NE 76089","1364"
"30","elizabeth32@hotmail.com","pbkdf2:sha256:600000$tc1O6GLB2pgXONds$4f5bf9f9c8b65cfb84ccbbd4db0cae4b6fc69d8a3839a2a61472f85f6c5bd426","Lauren","Walters","9261 Alex Lake
Floresmouth, MN 77080","699"
"31","nancy51@hotmail.com","pbkdf2:sha256:600000$qdxT3ao6dMgdDDgk$b99520f6824e344bb06c6607a174a1a3975dcddb86b9cd4e3cbe6c72fac362e2","Troy","Hawkins","02983 Antonio Lodge
Kleinville, NJ 73841","1743"
"32","danielrobles@yahoo.com","pbkdf2:sha256:600000$Kukh8VKR2qSOSRvE$8819245a70caa9123c3c46340a01c4f9642307b44699dc8d60c81849ad0b5350","William","Bray","017 Long Forks Suite 090
Davisborough, VA 43336","618"
"33","griffinpamela@hotmail.com","pbkdf2:sha256:600000$8fl0alN1sM9PO1rb$d7cd6b2739d6f6374accfb5be7010552a90b8b37a00a9772dcac8f01cf98184c","Melissa","Wells","4619 Wilkins Wall
South John, NJ 54277","287"
"34","qmyers@yahoo.com","pbkdf2:sha256:600000$aXY3CDa8fO8swQM1$c6deaf8632c41d2649370e069d20701623c2966b37d7029bcf24e59f43da042e","Amy","Sanchez","Unit 8645 Box 7325
DPO AP 47232","1461"
"35","jeremy94@gmail.com","pbkdf2:sha256:600000$4ZkzgzZ7lKZRE1PO$ee5f2a6dfb9d1461c88bd5bd08475caf3176cecc04285a80368fb57e6ea2d619","Joshua","Jones","1039 Brianna Passage Suite 274
New Sergiobury, MS 50840","927"
"36","wendysteele@gmail.com","pbkdf2:sha256:600000$yVK8tu9pTNw3HT37$2049a1ae21a54fbac0d28f3de5061d23d867db9bcbde821aa01038ef8a7cc3cf","Zachary","Garcia","192 Johnson Ville
West Colin, MP 93220","1351"
"37","hartmanrobert@hotmail.com","pbkdf2:sha256:600000$GiDQjX4G5Grxxijn$843d7e45b322e8dc4c01b0b59986a93141ed98f36ebf11377c60b572cb99e70e","Kim","Ortiz","64000 Jones Shore Suite 584
Port Jeanettehaven, DC 34523","634"
"38","martinezchristopher@gmail.com","pbkdf2:sha256:600000$xlc6EZfXbg5hx1hQ$50988ba3df1d0ab89dc8e5e5ab939874192c19514ba10269866e1687bfcedbe7","Kristin","Ibarra","730 Jackson Parkways
Lewisside, NC 65143","1488"
"39","qstark@yahoo.com","pbkdf2:sha256:600000$pmmlau7pZ9Xh8X7Q$9b179c0f76d0dd7934c651fef03ee5698110a7a550feef5312122a6bcd307cb2","Eric","Taylor","9684 Jacob Forge Suite 828
Port Carla, WV 70196","264"
"40","waynebarnes@yahoo.com","pbkdf2:sha256:600000$cNm5g0QPCrDvCtJW$a57c0b987535abbafccd041cfc68cdabed77468cb8be7fc1c54c32774abc06f1","Daniel","Mccall","986 Rebecca Center
Merrittton, SD 85388","874"
"41","vschneider@gmail.com","pbkdf2:sha256:600000$teRHbgszJfBpl15a$83d1d8725bfb9816cd0ff08d4ae34d82242d8a1b5379d0d4896cb9cf8c1514f5","Brian","Kelly","Unit 2166 Box 7052
DPO AE 92631","1508"
"42","ostone@gmail.com","pbkdf2:sha256:600000$PYVpNbmUsd2SZ33G$00f6f4c068c0aaf21040e085f09ad2d3c2aa4acd9f5876a64e219d4e84714cfc","Abigail","Hoover","7577 Christopher Mill
Frankside, NJ 72758","1863"
"43","blewis@hotmail.com","pbkdf2:sha256:600000$C7x0wwj1PJH67sDo$1fb7293f821efcc4dac97d0d41f03e14d61e35d5d237f796853f52da43319b9d","Ashley","Williams","6037 Vega Vista Apt. 078
Port Paul, LA 90278","1349"
"44","hbrown@gmail.com","pbkdf2:sha256:600000$6YYd8G9ssIeaNDYA$f287939c91c848a8bc3c798eb5d5f8f708e7146e456598e287f455711e3bf885","Edward","Hill","39287 John Heights
Barnesmouth, PR 88806","41"
"45","joylowe@yahoo.com","pbkdf2:sha256:600000$aC2M87XSYTszjWs2$45baac788c32d30a8e4fff64deaaa195b5d983df885f83123ab152575b9812e3","Chad","Bridges","8724 Rachel Squares
Latoyabury, AL 19300","1063"
"46","sandygarcia@gmail.com","pbkdf2:sha256:600000$uChfA1zWAS8DkPED$03429bac10fa27289c00bea9bfd06d8e360a2c889819805adb0bfcd7ace76f16","Dalton","Fritz","33319 Russell Village
New James, NM 12409","1292"
"47","nbaker@gmail.com","pbkdf2:sha256:600000$Jc2gOIqvD3coOCZw$fe1a2a02c1abb792277955b73eebe5fabb0b1fa9e5f6ca6e3df77f447354f870","Erica","Vega","666 Douglas Club Suite 283
Bellshire, FL 75555","961"
"48","jenniferbaldwin@hotmail.com","pbkdf2:sha256:600000$aFJ4FJ3bO0hbXYeG$1b84dfcca9f235225929591afa37004eaf2c01ce3a2a7006631b079f3a07a27f","Dawn","Russell","238 Shawn Well
Port Johnshire, NC 72291","1506"
"49","codyherring@hotmail.com","pbkdf2:sha256:600000$PqHMh7aG7cp7qqzp$47dc97b3056e1b651e459a77670e81f04b02c4e275739f28975383f6f5d0ffd5","Erica","Le","57725 Sweeney Lodge
Brandyland, OH 59854","1308"
"50","tgilmore@yahoo.com","pbkdf2:sha256:600000$fI56rGGURQldgrZ3$62e2f931f068e3a8e6ea64c767d36cb173ee7053883f23fce0b5d93bd037c111","Kenneth","Castro","46379 Lopez Route Apt. 969
West Michael, MD 62485","1201"
"51","justinbonilla@hotmail.com","pbkdf2:sha256:600000$JuGXiDXJPRKrzSIJ$7d9c5fc49457126f0b42a981efa80507f9fcbd557aec38d358b94cb540bc0f9b","Daniel","Patterson","94678 Brown Camp
West Nicholaschester, MS 85041","1856"
"52","webereric@hotmail.com","pbkdf2:sha256:600000$tT0ngBZGemYAp3eT$9965258aa3a5a95f8adaa7d8c06b1ebfebeb0d7159bf478c9a9696873ee53376","Douglas","Yates","04374 Nicholas Cliff Suite 001
Adrianport, AR 00654","20"
"53","denisetaylor@gmail.com","pbkdf2:sha256:600000$OQbkx7jSPweDeOJQ$b307da114dee0f90fa37684880631c3d66b6847831231652710f6f3f9da31a5d","David","Steele","Unit 4585 Box 0002
DPO AA 97569","565"
"54","jyoung@gmail.com","pbkdf2:sha256:600000$dij7qmZjkibB00aW$40c898efcb9a2f0480794f9d2a5c449ae13175d489498ed82c54d7c8a07f3135","Christopher","Green","24581 Tyler Well Apt. 640
Adamburgh, MA 23043","192"
"55","upeters@hotmail.com","pbkdf2:sha256:600000$m39hyfi7t03jtGV1$74e4666eadcf4ad993dae1c62e33815a0f2490bbd124585f2261b37fdf6ed62d","Maria","Valentine","68140 Trevor Valleys
Vaughanstad, OH 62334","1181"
"56","torreskyle@hotmail.com","pbkdf2:sha256:600000$MjT5CEaezx8UnmyO$a87486cf9d6a99b65be1dcc8026b1d356eb443fa40b57c4a0ba4bfb0caaae320","Beverly","Taylor","98027 Anna Common Suite 527
Bradville, FM 13697","552"
"57","christopher91@gmail.com","pbkdf2:sha256:600000$15HOwvmCWg2Zhuny$ed67f17eb52b51d56320642ab2eca7f5a297b875ae27c1b4090fa9c012e27c62","Kristin","Alvarez","61677 Jasmine Centers
East Crystalfurt, PA 12810","724"
"58","yolandabraun@gmail.com","pbkdf2:sha256:600000$5rPP6XZSlkfltG40$ed507ccfacda14f30f533dc233066bd9e4084041466f0b8dd64243218e3a6baa","Scott","Lawrence","99243 Larry Extensions Apt. 078
Bergmouth, PA 44788","190"
"59","olsonjohn@gmail.com","pbkdf2:sha256:600000$pqVjpw9ZJYVT0YMW$008e8a4822504413691afcc55e74c6cb3190efc17855ead138466e90922c4911","Perry","Jr.","73293 Molly Groves
New Melissa, TN 64065","811"
"60","erin71@yahoo.com","pbkdf2:sha256:600000$BtPKUJcvkwPvLZMH$3f4909d77db3f17363cf7cba06429624765eaa5c30006223cd30ff45b95a00a5","David","Rivera","3605 Jackson Corners Suite 709
Port Donald, OH 74865","1403"
"61","kelly22@hotmail.com","pbkdf2:sha256:600000$lsLv6MYqoWGjNJz0$20cc29b57da4194b4067f95f4cb735875ec6193574ef0141ccd45e0b98c64aa5","Shannon","Rivera","7637 Aimee Ranch
Rittermouth, IL 74257","1305"
"62","beverlysmith@yahoo.com","pbkdf2:sha256:600000$flc2yOsRjKyzSZeB$8e09e213673deccf1477193336399abb29b87a8fdf1982eaf1f70b5014af2cf8","Katherine","Smith","499 Edward Vista
New Matthewport, MH 72138","28"
"63","ktucker@hotmail.com","pbkdf2:sha256:600000$bSsAf4GFs7e9YKPE$25fffe9cb046f36da009a793671b02ebfd13192c78e259a4b692ddf2460c1e72","Elaine","Morris","61972 Floyd Lodge Suite 287
Samanthahaven, IN 28789","823"
"64","gordon43@hotmail.com","pbkdf2:sha256:600000$U85sxwrQYLPdJnjX$6951855e436f106bb47056b229dfef8c325be58a68b9ac5aff4cdc684a8e20b7","Wayne","Reed","143 Doyle Cove Suite 852
Port David, VA 97386","1744"
"65","kennethwashington@gmail.com","pbkdf2:sha256:600000$QJuvesP9Zplfd50D$efeaf4a8f3012f6b62af7316bb12499c62aeb3136a094f144c488443df032cec","Jennifer","Marsh","41694 Ashlee Lodge Suite 853
East Denise, CT 15792","514"
"66","zharris@hotmail.com","pbkdf2:sha256:600000$q2e5g3AGgSk3jgoh$ed6a9a7d5bc076deda2586e48d163780575e4a39533992b342f4a9cfa50b5764","Richard","Haynes","4547 Matthew Islands
Port Michael, MN 47480","1667"
"67","davidlewis@gmail.com","pbkdf2:sha256:600000$KRuEh3jl8Z3hwDg7$daed209039991bb876e8c8ff3e5d8d42de67d758efbc7025dfa1f29a127feba8","Sean","Jackson","4495 Duke Trafficway
Archerhaven, GU 07048","426"
"68","joshuakent@yahoo.com","pbkdf2:sha256:600000$wsLVM3wq9pSiS9d3$9ca97a8ed9cfffaea49263b5157573078b19514012f3bcc6ddce74be01512a27","Billy","Graham","390 Andrew Summit
Rodrigueztown, NM 97594","392"
"69","tammy10@yahoo.com","pbkdf2:sha256:600000$Fus70h3KAaQETRrt$3ddadac0bf8b67417959307fb11625fb4d2f8c168ef271938cd843d6b1ec0442","Christopher","Mitchell","515 Lindsey Village Apt. 594
Travismouth, GA 32478","1101"
"70","christianhernandez@gmail.com","pbkdf2:sha256:600000$lsOpuTsSNqxhZ44j$a98e1509267df127f8519c8244ceb26af73d35b9128ba0980cb12e59058b5189","Jeffrey","Griffin","436 Brian Trafficway Apt. 295
North Bob, ND 21817","895"
"71","randallwendy@yahoo.com","pbkdf2:sha256:600000$JZ8R0qUUOTF6OXeU$16ab6612295d0b54693e4a055f4e1ccf74d1af98eb29d52b64d131687f3b84ae","Chase","Foley","5263 Eric Mount Suite 930
Derekmouth, MT 74898","114"
"72","heathercrawford@yahoo.com","pbkdf2:sha256:600000$89tz05ltfqXVc8E4$090cca9797f8bc0f2edd2cc1a594a3c09bd1a920249fab42148f6642821de5c9","Matthew","Cisneros","96654 Kelly Parks
Randybury, WY 61048","1495"
"73","pauldiaz@gmail.com","pbkdf2:sha256:600000$if5jIXKJNMwSOQKr$c72386e6ad062fbb3763ad8cc3c6662ae9c244f9198079e33ebb6493ef9313eb","Tyler","Pace","931 Henderson Shores Apt. 948
Pamelaberg, AZ 01714","1700"
"74","victorlewis@gmail.com","pbkdf2:sha256:600000$EhT6tsLq1dw11ucq$f116d168d957d3904a6cb2018cead83701910b13bd5b67448891b6de72961ed9","Matthew","Beltran","84638 Lisa Ridges
Melissamouth, KS 67260","591"
"75","armstrongcolleen@gmail.com","pbkdf2:sha256:600000$ZfSFO47yd2m1UHyR$86f33b5586e7c2db925ce241d950f71dd955d46b297acd8ecee71a1753909fef","Sandra","Powell","39594 Kevin Ways Apt. 634
Andrewton, NE 96331","1739"
"76","mwade@hotmail.com","pbkdf2:sha256:600000$3DUQHuwvUSgbUc5m$7f50afe14bf498269ab62f7d62c04966cc871df2f94e52ff9b2b0e9b389745bd","Matthew","Jones","4938 Andrea Square Suite 279
North Natalie, MS 76915","332"
"77","kristinperry@yahoo.com","pbkdf2:sha256:600000$f5xVT29DfRfZtqD3$cf93a5acb47ecc9ca63e374c289b4286c5a8faaa83a8ef218447b387a1b873c0","Jacob","Roy","Unit 1844 Box 0663
DPO AE 79652","507"
"78","cbrown@yahoo.com","pbkdf2:sha256:600000$WeTi6SiZsYGVtBe9$543bedea933f05ce1a343654058e0d5fe7a906c7a4d461c106de6bdbcd03f551","Shannon","Boyd","USCGC Le
FPO AE 34436","1934"
"79","patricklopez@hotmail.com","pbkdf2:sha256:600000$Xc9SahwBub4zLPr5$67cf478a6c64c357828d733a66eac1b6bc833de755e2b0fe108e74b7e1ee5bc8","Jessica","Wilson","554 April Circles Suite 196
Tylerville, VA 60222","671"
"80","osanders@gmail.com","pbkdf2:sha256:600000$roY1Fa4NTKxsFawb$ba78d43c208f372cc925134dbecff6c0241f00a1a728af9121fb991442955c4e","Keith","Ramsey","5383 Kimberly Tunnel Apt. 342
South Jesse, CO 30873","338"
"81","sharon91@hotmail.com","pbkdf2:sha256:600000$adBUJWv9D32MHGL3$dfa72504794f4046155cbd5fb44156a09da00441486dad3838b32c09f2de28a8","Lori","Dominguez","376 Eric Highway Suite 690
Jonesport, VA 61698","1604"
"82","privera@gmail.com","pbkdf2:sha256:600000$Sllnl0rv3Kfcyo6N$44d19707ab2310962523ed6ad699a8cc518c734521c06989520bd7f9c4dc4969","Patricia","Pearson","27901 John Drive Suite 233
New Dominique, AR 59360","885"
"83","brian64@yahoo.com","pbkdf2:sha256:600000$X2ikmamNXnJ0ThlJ$1b6ddf10021738fcafc8555c7868f4a21a247139fd684d770323001c2b4e8bfc","Alan","Pineda","4701 Hall Groves
East Amystad, MN 35533","1387"
"84","diazfrank@yahoo.com","pbkdf2:sha256:600000$rEZ46lqzQKdNFcqA$301328020a06f33545b8c67d5ef74f2f595fb93416841010532417848ab395b5","Jamie","Clark","USS Bullock
FPO AE 79810","888"
"85","qferrell@hotmail.com","pbkdf2:sha256:600000$WBB6wA9l96KvbvDi$fb22faf44545788c8349129523de4d98102af6f95d66a4dcc99ded34ac0fba14","Tracey","Bartlett","9052 Miller Shores
Knappberg, TN 60227","55"
"86","patrick19@yahoo.com","pbkdf2:sha256:600000$OJWlkPUwov1nyVRq$cbd010154fe648f7f97f15d2be646a85d9188bbed341837e2ba6bf3bfe305f9b","John","Coleman","3990 Terri Tunnel Suite 324
South Monica, RI 14378","150"
"87","derek56@hotmail.com","pbkdf2:sha256:600000$zWNmfw59yQchB05w$fd2e47d63668f1833c1662ae69df6694cd3410c17e6f74cf9f50a3a446ad31c0","Edward","Ochoa","9104 Hardy Flat
Lake Melanie, TX 45172","83"
"88","jacob95@gmail.com","pbkdf2:sha256:600000$5H9BMUijZvPLuXXt$40931908a4564b21d3a45dc7bc8bdac954715fecd640df19cd2681e095c593f3","Sheri","Jennings","72890 Wright Groves Apt. 423
South Jodi, IA 35989","989"
"89","ppatel@gmail.com","pbkdf2:sha256:600000$wEb7qWeSOIL3FIQE$50fea3f2a05c67d273c443e4e9e684077e455e604ce749229680a2efc4b7cfd2","Deanna","Holt","189 Johnson Flats Suite 066
North Tiffany, VI 44671","1558"
"90","nicholasmorgan@hotmail.com","pbkdf2:sha256:600000$iptpEMMzSqbmlb0d$f374d8e029d1e2dd6e9f47f75db7fc6272369302f3dc545ed1b061489547d8b1","Larry","Palmer","58718 Camacho Cove Suite 092
Elizabethburgh, MA 63093","1856"
"91","dwells@hotmail.com","pbkdf2:sha256:600000$zdxdnOJg32UMu3rd$4a1cbc5e5c2efc92be06cdb6f5e7be8f2f1e3fa41b599de6b692896c50cf1718","Kristina","Higgins","824 Roberson Port Apt. 542
Martinborough, IA 17119","1558"
"92","amyporter@yahoo.com","pbkdf2:sha256:600000$Lsl8DiTx9JXwUGfD$073628a1f4f70f09f99030f107ba8ecf5666f9ddde5fa63cd3fb8bee1faf86c6","Shawn","Matthews","46432 Gina Route
West Johnny, AR 14522","1459"
"93","lindseylynch@hotmail.com","pbkdf2:sha256:600000$3sqzRxYPtDB7SFsO$ebea9134133aab4609e2f393ad9fa012d0aef0c131fad80f802cd0093e43cfd1","Leslie","Pugh","070 Christopher Glens
Jessicaland, GU 10999","1201"
"94","lcollins@gmail.com","pbkdf2:sha256:600000$Sx1V2cPkDGv1Acfd$364c72679328d2932ae278c98062651814ad2ae18cbdb5f6cdd1777fda282620","James","Rodriguez","5877 Clark Plains
Sweeneyville, WA 28933","1615"
"95","john71@hotmail.com","pbkdf2:sha256:600000$XkRW98kejMuIV1ra$b96c4030563958bb23a1d919ed4e2a39e5741c2086d0f46fad6ae3d1b4ac940e","George","Butler","57715 Harper Street
Barryborough, NC 38824","1753"
"96","deborah72@hotmail.com","pbkdf2:sha256:600000$SAjskvYIHKGy3t4r$6df716c3ea314d0d40c7f43da7bcfaffadf3bf44550e33ed0b2fd514aab1ac02","Shawn","Gregory","747 Lee Ford Apt. 772
Port Russell, KY 29064","551"
"97","irwinwyatt@gmail.com","pbkdf2:sha256:600000$Z1CMc9cWvDNf3dg8$b0a4ab9f7cbb4ee69a046ee27a89269273580a0ad494984df97abd5f7a88330a","David","DDS","0122 Hill Crossroad Apt. 255
Port Stephanie, IA 77834","973"
"98","pbrown@yahoo.com","pbkdf2:sha256:600000$XqUUq6YGDH8LT06u$581d8993a8fa2e4086cc60431054692832f6219c650d7d6f31b59069ceb22566","Mark","Chapman","89530 Anita Shoals
Ronaldport, MP 42703","402"
"99","elizabethyang@gmail.com","pbkdf2:sha256:600000$RTnW8rmecf3vk6kP$3190dcd96abcfe6c1633b08521a79d19bb36d16dd031fd9f9fa222ef5e867eaf","Savannah","Miller","300 Salazar Square Apt. 339
Boyerhaven, VI 23452","6"
